String,Int,Float
hola0,0,0.0
hola1,1,3.3
hola2,2,6.6
hola3,3,9.899999999999999
hola4,4,13.2
hola5,5,16.5
hola6,6,19.799999999999997
hola7,7,23.099999999999998
hola8,8,26.4
hola9,9,29.7
hola10,10,33.0
hola11,11,36.3
hola12,12,39.599999999999994
hola13,13,42.9
hola14,14,46.199999999999996
